velocity_ms,gamma
1000.000000000000,1.000000000006
12000.000000000000,1.000000000801
23000.000000000000,1.000000002943
34000.000000000000,1.000000006431
45000.000000000000,1.000000011265
56000.000000000000,1.000000017445
67000.000000000000,1.000000024972
78000.000000000000,1.000000033845
89000.000000000000,1.000000044064
100000.000000000000,1.000000055630
