velocity_ms,gamma,proper_time_s,dilated_time_s
3889.000000000000,1.000000000084,86400.000000000000,86400.000007269366
7660.000000000000,1.000000000326,86400.000000000000,86400.000028201888
7590.000000000000,1.000000000320,86400.000000000000,86400.000027688802
3075.000000000000,1.000000000053,86400.000000000000,86400.000004544767
3600.000000000000,1.000000000072,86400.000000000000,86400.000006229107
